{
  "state": {
    "isStdOutTTY": false,
    "isStdErrTTY": false,
    "testRunDurationMs": 36310.126
  },
  "metrics": {
    "http_req_failed": {
      "type": "rate",
      "contains": "default",
      "values": {
        "rate": 0.002785515320334262,
        "passes": 1,
        "fails": 358
      },
      "thresholds": {
        "rate<0.01": {
          "ok": true
        }
      }
    },
    "vus_max": {
      "values": {
        "min": 50,
        "max": 50,
        "value": 50
      },
      "type": "gauge",
      "contains": "default"
    },
    "iteration_duration": {
      "type": "trend",
      "contains": "time",
      "values": {
        "avg": 4495.794534991623,
        "min": 2665.106333,
        "med": 4370.090770999999,
        "max": 7672.223833,
        "p(90)": 5047.9352579,
        "p(95)": 5574.6039089
      }
    },
    "http_req_sending": {
      "values": {
        "min": 0.039,
        "med": 0.114,
        "max": 1.745,
        "p(90)": 0.185,
        "p(95)": 0.22719999999999999,
        "avg": 0.1308300835654595
      },
      "type": "trend",
      "contains": "time"
    },
    "data_sent": {
      "values": {
        "count": 132470,
        "rate": 3648.293591710478
      },
      "type": "counter",
      "contains": "data"
    },
    "http_req_duration{expected_response:true}": {
      "type": "trend",
      "contains": "time",
      "values": {
        "p(95)": 4307.213099999999,
        "avg": 3599.94758659218,
        "min": 959.869,
        "med": 3615.27,
        "max": 5555.221,
        "p(90)": 4104.045400000001
      }
    },
    "http_reqs": {
      "values": {
        "count": 359,
        "rate": 9.887049138854545
      },
      "type": "counter",
      "contains": "default"
    },
    "login_duration": {
      "contains": "time",
      "values": {
        "max": 6719,
        "p(90)": 4251.1,
        "p(95)": 4997,
        "avg": 3755.5083798882683,
        "min": 1893,
        "med": 3646
      },
      "type": "trend"
    },
    "http_req_duration": {
      "type": "trend",
      "contains": "time",
      "values": {
        "p(90)": 4101.6916,
        "p(95)": 4305.701399999999,
        "avg": 3591.9095571030653,
        "min": 714.295,
        "med": 3613.977,
        "max": 5555.221
      },
      "thresholds": {
        "p(95)<500": {
          "ok": false
        }
      }
    },
    "http_req_receiving": {
      "type": "trend",
      "contains": "time",
      "values": {
        "avg": 0.044169916434540386,
        "min": 0.016,
        "med": 0.036,
        "max": 0.193,
        "p(90)": 0.0772,
        "p(95)": 0.093
      }
    },
    "vus": {
      "type": "gauge",
      "contains": "default",
      "values": {
        "value": 6,
        "min": 0,
        "max": 50
      }
    },
    "http_req_connecting": {
      "type": "trend",
      "contains": "time",
      "values": {
        "avg": 4.601200557103064,
        "min": 0,
        "med": 0,
        "max": 43.725,
        "p(90)": 33.29520000000001,
        "p(95)": 38.4387
      }
    },
    "http_req_waiting": {
      "values": {
        "max": 5555.136,
        "p(90)": 4101.5256,
        "p(95)": 4305.577199999999,
        "avg": 3591.73455710306,
        "min": 712.444,
        "med": 3613.809
      },
      "type": "trend",
      "contains": "time"
    },
    "iterations": {
      "type": "counter",
      "contains": "default",
      "values": {
        "rate": 9.859508612005369,
        "count": 358
      }
    },
    "checks": {
      "type": "rate",
      "contains": "default",
      "values": {
        "rate": 0.6666666666666666,
        "passes": 716,
        "fails": 358
      }
    },
    "http_req_tls_handshaking": {
      "type": "trend",
      "contains": "time",
      "values": {
        "avg": 152.93464623955433,
        "min": 0,
        "med": 0,
        "max": 2214.978,
        "p(90)": 936.6762,
        "p(95)": 1105.2324999999998
      }
    },
    "login_success": {
      "values": {
        "rate": 0,
        "passes": 0,
        "fails": 358
      },
      "thresholds": {
        "rate>0.99": {
          "ok": false
        }
      },
      "type": "rate",
      "contains": "default"
    },
    "http_req_blocked": {
      "type": "trend",
      "contains": "time",
      "values": {
        "p(90)": 972.888,
        "p(95)": 1126.9447999999998,
        "avg": 159.1950557103048,
        "min": 0,
        "med": 0.001,
        "max": 2253.783
      }
    },
    "data_received": {
      "type": "counter",
      "contains": "data",
      "values": {
        "count": 504466,
        "rate": 13893.259417496927
      }
    }
  },
  "setup_data": {
    "serverAvailable": true
  },
  "root_group": {
    "groups": [],
    "checks": [
        {
          "name": "status is 200",
          "path": "::status is 200",
          "id": "6210a8cd14cd70477eba5c5e4cb3fb5f",
          "passes": 358,
          "fails": 0
        },
        {
          "name": "response has token",
          "path": "::response has token",
          "id": "682fc5235394eccc408ad30f55593a94",
          "passes": 358,
          "fails": 0
        },
        {
          "name": "response time < 500ms",
          "path": "::response time < 500ms",
          "id": "3e02485a995423a591645f4eee6c60eb",
          "passes": 0,
          "fails": 358
        }
      ],
    "name": "",
    "path": "",
    "id": "d41d8cd98f00b204e9800998ecf8427e"
  },
  "options": {
    "summaryTrendStats": [
      "avg",
      "min",
      "med",
      "max",
      "p(90)",
      "p(95)"
    ],
    "summaryTimeUnit": "",
    "noColor": false
  }
}